VAR_ID,RS_ID,CHR,REF,ALT,QUAL,FILTER,AC,AN,NHOMALT,LOF,INESSS,ALL_FUNCT_STATUS,CLIN_SIG,AC_eas,AN_eas,NHOMALT_eas,AC_afr,AN_afr,NHOMALT_afr,AC_amr,AN_amr,NHOMALT_amr,AC_asj,AN_asj,NHOMALT_asj,AC_sas,AN_sas,NHOMALT_sas,AC_nfe,AN_nfe,NHOMALT_nfe,AC_fin,AN_fin,NHOMALT_fin,TRANSCRIPT
1-97544568-CTT-C,rs1336778564,97544568,CTT,C,5342.160156,None,1,251168,0,LC,FALSE,NA,NA,0,18384,0,0,16252,0,0,34578,0,0,10076,0,1,30616,0,0,113482,0,0,21648,0,NM_000110.3:c.3040_3041del
1-97544576-C-A,rs761584058,97544576,C,A,20461.9707,None,5,251214,0,LC,FALSE,NA,NA,0,18382,0,0,16252,0,4,34580,0,0,10074,0,0,30616,0,0,113536,0,0,21646,0,NM_000110.3:c.3034G>T
1-97544578-T-TA,rs1459699844,97544578,T,TA,3241.370117,None,2,251218,0,LC,FALSE,NA,Uncertain_significance,0,18386,0,1,16252,0,0,34578,0,0,10074,0,0,30616,0,0,113536,0,0,21648,0,NM_000110.3:c.3031dup
1-97544673-CA-C,rs1231835017,97544673,CA,C,2369.360107,None,1,251346,0,HC,FALSE,NA,NA,1,18388,0,0,16250,0,0,34560,0,0,10078,0,0,30616,0,0,113674,0,0,21644,0,NM_000110.3:c.2936del
1-97547921-T-C,rs141044036,97547921,T,C,15444.37988,None,5,251256,0,,FALSE,No function,Uncertain_significance,0,18390,0,0,16252,0,0,34592,0,0,10068,0,0,30610,0,5,113578,0,0,21638,0,NM_000110.3:c.2872A>G
1-97547947-T-A,rs67376798,97547947,T,A,2613476.5,None,715,251256,0,,TRUE,Decreased,drug_response,1,18388,0,11,16252,0,90,34588,0,4,10074,0,14,30604,0,577,113584,0,7,21636,0,NM_000110.3:c.2846A>T
1-97564044-C-T,rs1355754530,97564044,C,T,3157.169922,None,3,250976,0,HC,FALSE,NA,NA,0,18384,0,0,16240,0,0,34534,0,0,10064,0,1,30592,0,2,113454,0,0,21588,0,NM_000110.3:c.2766+1G>A
1-97564062-GC-G,rs1057517230,97564062,GC,G,1046.380005,None,1,251060,0,HC,FALSE,NA,Likely_pathogenic,0,18384,0,0,16242,0,1,34548,0,0,10066,0,0,30604,0,0,113508,0,0,21590,0,NM_000110.3:c.2748del
1-97564064-CT-C,rs778614771,97564064,CT,C,2344.169922,None,3,251070,0,HC,FALSE,NA,NA,0,18382,0,0,16242,0,0,34550,0,0,10066,0,3,30602,0,0,113506,0,0,21604,0,NM_000110.3:c.2746del
1-97564158-G-A,rs771839581,97564158,G,A,1217.390015,None,1,250286,0,HC,FALSE,NA,NA,0,18336,0,0,16232,0,0,34472,0,0,10050,0,0,30596,0,1,112928,0,0,21582,0,NM_000110.3:c.2653C>T
1-97564172-C-A,rs55674432,97564172,C,A,31385.28906,None,23,250184,0,,FALSE,No function,NA,0,18330,0,0,16234,0,0,34470,0,0,10048,0,23,30592,0,0,112832,0,0,21582,0,NM_000110.3:c.2639G>T
1-97564189-C-T,rs752102711,97564189,C,T,487.9700012,None,1,249924,0,HC,FALSE,NA,NA,0,18318,0,1,16218,0,0,34430,0,0,10044,0,0,30582,0,0,112674,0,0,21576,0,NM_000110.3:c.2623-1G>A
1-97658667-CT-C,rs746991079,97658667,CT,C,71509.78125,None,9,251116,0,HC,FALSE,NA,Likely_pathogenic,0,18340,0,0,16256,0,0,34576,0,0,10072,0,0,30614,0,9,113494,0,0,21644,0,NM_000110.3:c.2579del
1-97658765-C-A,rs200687447,97658765,C,A,37046.42188,None,1,250614,0,HC,FALSE,Normal,NA,0,18264,0,0,16252,0,0,34508,0,0,10058,0,0,30572,0,1,113238,0,0,21618,0,NM_000110.3:c.2482G>T
1-97700551-C-G,rs984858263,97700551,C,G,1343.380005,None,1,251018,0,HC,FALSE,NA,NA,0,18356,0,0,16240,0,0,34570,0,0,10068,0,0,30602,0,1,113424,0,0,21636,0,NM_000110.3:c.2300-1G>C
1-97770835-G-A,rs112766203,97770835,G,A,343436.7188,None,165,250756,3,,FALSE,Decreased,NA,0,18352,0,0,16244,0,0,34476,0,0,10056,0,164,30612,3,0,113244,0,0,21646,0,NM_000110.3:c.2279C>T
1-97770835-G-C,rs112766203,97770835,G,C,343436.7188,None,1,250756,0,,FALSE,Decreased,NA,0,18352,0,0,16244,0,0,34476,0,0,10056,0,0,30612,0,1,113244,0,0,21646,0,NM_000110.3:c.2279C>G
1-97770839-G-A,rs759372918,97770839,G,A,23262,None,7,250742,0,HC,FALSE,NA,Pathogenic/Likely_pathogenic,0,18350,0,0,16244,0,3,34472,0,0,10058,0,1,30612,0,3,113242,0,0,21648,0,NM_000110.3:c.2275C>T
1-97770904-GT-G,rs570122671,97770904,GT,G,28992.49023,None,2,250888,0,HC,FALSE,NA,NA,0,18330,0,0,16248,0,0,34490,0,0,10062,0,0,30612,0,2,113374,0,0,21646,0,NM_000110.3:c.2209del
1-97770917-T-TAA,rs1282340496,97770917,T,TAA,4449.390137,None,1,250910,0,HC,FALSE,NA,NA,0,18332,0,0,16248,0,0,34494,0,0,10066,0,1,30612,0,0,113390,0,0,21642,0,NM_000110.3:c.2195_2196dup
1-97771799-G-GA,rs770063428,97771799,G,GA,1914.359985,None,1,250716,0,HC,FALSE,NA,NA,1,18360,0,0,16246,0,0,34516,0,0,10056,0,0,30616,0,0,113158,0,0,21646,0,NM_000110.3:c.2112dup
1-97771821-C-T,rs753296078,97771821,C,T,9618.950195,None,2,250678,0,HC,FALSE,NA,NA,0,18362,0,0,16238,0,0,34522,0,0,10056,0,0,30614,0,2,113118,0,0,21648,0,NM_000110.3:c.2091G>A
1-97771822-CA-C,rs1388639783,97771822,CA,C,772.3699951,None,1,250674,0,HC,FALSE,NA,NA,0,18358,0,0,16236,0,0,34522,0,0,10054,0,0,30614,0,0,113122,0,1,21648,0,NM_000110.3:c.2089del
1-97771852-TC-T,rs755692084,97771852,TC,T,17544.00977,None,1,250542,0,HC,FALSE,NA,NA,0,18348,0,0,16232,0,0,34478,0,0,10052,0,1,30616,0,0,113048,0,0,21648,0,NM_000110.3:c.2059del
1-97839116-CCTGCCCACAGGCCAGG-C,rs769167857,97839116,CCTGCCCACAGGCCAGG,C,28398.59961,None,33,250642,1,HC,FALSE,NA,Likely_pathogenic,0,18334,0,0,16222,0,0,34550,0,0,10048,0,33,30608,1,0,113168,0,0,21598,0,NM_000110.3:c.2043_2058del
1-97839191-CTCCAGAA-C,rs1440380546,97839191,CTCCAGAA,C,1598.160034,None,3,250940,0,HC,FALSE,NA,NA,0,18336,0,0,16232,0,3,34580,0,0,10048,0,0,30612,0,0,113376,0,0,21640,0,NM_000110.3:c.1977_1983del
1-97839202-T-C,rs1180661405,97839202,T,C,961.3599854,None,1,250850,0,HC,FALSE,NA,NA,0,18324,0,0,16198,0,0,34566,0,0,10054,0,1,30610,0,0,113356,0,0,21636,0,NM_000110.3:c.1975-2A>G
1-97847948-C-T,rs772254904,97847948,C,T,491.519989,None,1,245462,0,HC,FALSE,NA,Uncertain_significance,0,17744,0,0,15952,0,0,33494,0,0,9982,0,0,29510,0,1,111382,0,0,21460,0,NM_000110.3:c.1974+1G>A
1-97915613-A-C,rs1287066194,97915613,A,C,547.3599854,None,1,251268,0,HC,FALSE,NA,NA,0,18392,0,1,16256,0,0,34530,0,0,10076,0,0,30612,0,0,113632,0,0,21644,0,NM_000110.3:c.1905+2T>G
1-97915614-C-G,rs3918290,97915614,C,G,2603645.5,None,2,251260,0,HC,FALSE,No function,NA,0,18390,0,0,16256,0,1,34530,0,0,10076,0,0,30612,0,1,113626,0,0,21644,0,NM_000110.3:c.1905+1G>C
1-97915614-C-T,rs3918290,97915614,C,T,2603645.5,None,1405,251260,9,HC,TRUE,No function,drug_response,0,18390,0,11,16256,0,39,34530,0,51,10076,0,132,30612,2,622,113626,1,523,21644,6,NM_000110.3:c.1905+1G>A
1-97915657-C-T,rs1057516388,97915657,C,T,8915.929688,None,3,251336,0,HC,FALSE,NA,Likely_pathogenic,0,18392,0,0,16256,0,2,34542,0,0,10078,0,0,30616,0,1,113672,0,0,21648,0,NM_000110.3:c.1863G>A
1-97915698-GAA-G,rs1443384944,97915698,GAA,G,3043.360107,None,1,251296,0,HC,FALSE,NA,NA,0,18388,0,0,16256,0,0,34522,0,0,10080,0,0,30614,0,1,113656,0,0,21648,0,NM_000110.3:c.1820_1821del
1-97915743-C-T,rs145773863,97915743,C,T,738.3599854,None,1,251138,0,,FALSE,No function,NA,0,18388,0,0,16256,0,0,34500,0,0,10076,0,0,30606,0,1,113556,0,0,21632,0,NM_000110.3:c.1777G>A
1-97915745-C-T,rs138616379,97915745,C,T,26028.83008,None,4,251088,0,,FALSE,No function,Uncertain_significance,0,18386,0,2,16254,0,0,34508,0,0,10078,0,0,30606,0,2,113514,0,0,21622,0,NM_000110.3:c.1775G>A
1-97915746-G-A,rs59086055,97915746,G,A,44428.51953,None,36,251054,0,,FALSE,No function,Uncertain_significance,32,18384,0,1,16256,0,0,34498,0,0,10078,0,1,30606,0,1,113494,0,0,21616,0,NM_000110.3:c.1774C>T
1-97915749-T-TGA,rs768130933,97915749,T,TGA,2102.389893,None,1,251088,0,HC,FALSE,NA,NA,0,18382,0,0,16256,0,0,34496,0,0,10078,0,0,30606,0,1,113516,0,0,21630,0,NM_000110.3:c.1769_1770dup
1-97915755-TG-T,rs879059238,97915755,TG,T,423.3599854,None,1,251048,0,HC,FALSE,NA,NA,1,18386,0,0,16256,0,0,34486,0,0,10076,0,0,30606,0,0,113490,0,0,21628,0,NM_000110.3:c.1764del
1-97915780-C-T,rs770125111,97915780,C,T,483.3699951,None,1,250728,0,HC,FALSE,NA,NA,0,18380,0,0,16254,0,0,34452,0,0,10074,0,1,30598,0,0,113250,0,0,21616,0,NM_000110.3:c.1741-1G>A
1-97981307-A-AG,rs1290522460,97981307,A,AG,2273.379883,None,2,250450,0,HC,FALSE,NA,NA,0,18382,0,0,16232,0,2,34428,0,0,10046,0,0,30598,0,0,113070,0,0,21608,0,NM_000110.3:c.1714dup
1-97981341-G-A,rs1057516968,97981341,G,A,3476.290039,None,2,250608,0,HC,FALSE,NA,Likely_pathogenic,0,18384,0,0,16236,0,0,34446,0,0,10048,0,0,30602,0,2,113168,0,0,21628,0,NM_000110.3:c.1681C>T
1-97981343-A-C,rs55886062,97981343,A,C,168052.25,None,80,250646,0,,TRUE,No function,drug_response,0,18388,0,1,16236,0,0,34442,0,0,10052,0,0,30604,0,74,113194,0,2,21632,0,NM_000110.3:c.1679T>G
1-97981456-G-GGGTA,rs1468744935,97981456,G,GGGTA,3512.439941,None,1,250574,0,HC,FALSE,NA,NA,0,18352,0,0,16244,0,0,34438,0,0,10056,0,0,30604,0,0,113158,0,1,21618,0,NM_000110.3:c.1562_1565dup
1-97981498-C-A,rs766535034,97981498,C,A,7889.540039,None,1,249898,0,HC,FALSE,NA,NA,0,18296,0,0,16196,0,0,34344,0,0,10050,0,0,30550,0,1,112826,0,0,21564,0,NM_000110.3:c.1525-1G>T
1-97981498-C-T,rs766535034,97981498,C,T,7889.540039,None,8,249898,0,HC,FALSE,NA,NA,0,18296,0,0,16196,0,0,34344,0,0,10050,0,0,30550,0,8,112826,0,0,21564,0,NM_000110.3:c.1525-1G>A
1-98015115-C-T,rs1057517126,98015115,C,T,546.3599854,None,1,250916,0,HC,FALSE,NA,Likely_pathogenic,0,18364,0,0,16254,0,0,34532,0,0,10066,0,1,30614,0,0,113346,0,0,21634,0,NM_000110.3:c.1524+1G>A
1-98015138-C-T,rs1214305633,98015138,C,T,642.3699951,None,1,251000,0,HC,FALSE,NA,NA,0,18362,0,0,16254,0,0,34540,0,0,10066,0,0,30614,0,1,113404,0,0,21642,0,NM_000110.3:c.1502G>A
1-98015165-G-A,rs72549304,98015165,G,A,13655.05957,None,11,251052,0,,FALSE,No function,Uncertain_significance,0,18364,0,5,16254,0,0,34540,0,0,10068,0,6,30614,0,0,113448,0,0,21640,0,NM_000110.3:c.1475C>T
1-98015165-G-C,rs72549304,98015165,G,C,13655.05957,None,1,251052,0,,FALSE,No function,NA,0,18364,0,0,16254,0,0,34540,0,0,10068,0,0,30614,0,1,113448,0,0,21640,0,NM_000110.3:c.1475C>G
1-98015165-G-T,rs72549304,98015165,G,T,13655.05957,None,1,251052,0,HC,FALSE,No function,NA,0,18364,0,0,16254,0,0,34540,0,0,10068,0,0,30614,0,0,113448,0,1,21640,0,NM_000110.3:c.1475C>A
1-98015226-T-TAG,NA,98015226,T,TAG,3616.189941,None,1,251088,0,HC,FALSE,NA,NA,0,18354,0,0,16254,0,0,34536,0,0,10074,0,0,30616,0,1,113502,0,0,21632,0,NM_000110.3:c.1412_1413dup
1-98015251-TTCTGGGAGACCCCA-T,rs757940841,98015251,TTCTGGGAGACCCCA,T,4078.429932,None,6,251000,0,HC,FALSE,NA,NA,0,18352,0,0,16250,0,0,34518,0,0,10074,0,6,30610,0,0,113446,0,0,21634,0,NM_000110.3:c.1375_1388del
1-98015253-CT-C,rs1159954509,98015253,CT,C,5155.080078,None,1,250970,0,HC,FALSE,NA,NA,0,18348,0,0,16250,0,0,34518,0,0,10074,0,0,30608,0,1,113424,0,0,21634,0,NM_000110.3:c.1386del
1-98015260-A-AC,rs779948148,98015260,A,AC,5372.009766,None,1,250912,0,HC,FALSE,NA,Likely_pathogenic,0,18342,0,0,16250,0,0,34502,0,0,10074,0,0,30604,0,1,113394,0,0,21632,0,NM_000110.3:c.1379dup
1-98015301-C-T,rs1435774234,98015301,C,T,1113.97998,None,1,249284,0,HC,FALSE,NA,NA,0,18208,0,0,16092,0,0,34354,0,0,10028,0,0,30476,0,1,112542,0,0,21530,0,NM_000110.3:c.1340-1G>A
1-98039341-A-C,rs186169810,98039341,A,C,42656.30859,None,18,251124,0,,FALSE,Decreased,NA,18,18390,0,0,16254,0,0,34584,0,0,10072,0,0,30608,0,0,113440,0,0,21646,0,NM_000110.3:c.1314T>G
1-98039353-GA-G,rs754978663,98039353,GA,G,6893.160156,None,2,251172,0,HC,FALSE,NA,NA,0,18390,0,0,16254,0,0,34588,0,0,10074,0,0,30608,0,2,113486,0,0,21640,0,NM_000110.3:c.1301del
1-98039406-CA-C,rs1240838072,98039406,CA,C,1154.199951,None,1,251248,0,HC,FALSE,NA,NA,0,18390,0,0,16254,0,0,34566,0,0,10076,0,0,30610,0,0,113576,0,1,21648,0,NM_000110.3:c.1248del
1-98039412-C-A,rs755031341,98039412,C,A,2681.389893,None,1,251198,0,HC,FALSE,NA,Likely_pathogenic,1,18380,0,0,16254,0,0,34562,0,0,10076,0,0,30612,0,0,113542,0,0,21648,0,NM_000110.3:c.1243G>T
1-98039419-C-T,rs56038477,98039419,C,T,9274328,None,3543,251150,37,,TRUE,NA,Benign,2,18374,0,43,16254,0,155,34556,0,67,10072,0,529,30610,12,2396,113508,25,264,21648,0,NM_000110.3:c.1236G>A
1-98039450-CT-C,rs868047175,98039450,CT,C,1020.609985,None,1,251114,0,HC,FALSE,NA,NA,0,18366,0,0,16254,0,0,34548,0,0,10068,0,0,30608,0,1,113504,0,0,21646,0,NM_000110.3:c.1204del
1-98039498-TCA-T,rs576409484,98039498,TCA,T,11565.99023,None,7,250820,0,HC,FALSE,NA,NA,7,18350,0,0,16248,0,0,34520,0,0,10066,0,0,30606,0,0,113294,0,0,21624,0,NM_000110.3:c.1155_1156del
1-98039499-C-A,rs78060119,98039499,C,A,18614.66016,None,2,250802,0,HC,FALSE,No function,NA,0,18350,0,0,16248,0,0,34510,0,0,10064,0,1,30608,0,1,113278,0,0,21632,0,NM_000110.3:c.1156G>T
1-98058791-TTA-T,rs749571474,98058791,TTA,T,2441.350098,None,1,251364,0,HC,FALSE,NA,Likely_pathogenic,0,18382,0,0,16252,0,0,34592,0,0,10078,0,0,30614,0,1,113694,0,0,21620,0,NM_000110.3:c.1109_1110del
1-98058806-CT-C,rs1032268631,98058806,CT,C,632.3499756,None,1,251404,0,HC,FALSE,NA,NA,0,18386,0,0,16256,0,0,34592,0,0,10078,0,1,30616,0,0,113708,0,0,21632,0,NM_000110.3:c.1095del
1-98058828-ACG-A,rs1042479,98058828,ACG,A,1512.349976,None,1,251420,0,HC,FALSE,NA,NA,0,18378,0,0,16256,0,0,34592,0,0,10080,0,1,30614,0,0,113722,0,0,21644,0,NM_000110.3:c.1072_1073del
1-98058847-AG-A,rs771024192,98058847,AG,A,7229.160156,None,1,251440,0,HC,FALSE,NA,NA,1,18376,0,0,16256,0,0,34592,0,0,10080,0,0,30614,0,0,113738,0,0,21648,0,NM_000110.3:c.1054del
1-98058878-C-T,rs183385770,98058878,C,T,497.3599854,None,1,251440,0,,FALSE,No function,Uncertain_significance,0,18376,0,1,16256,0,0,34592,0,0,10080,0,0,30616,0,0,113736,0,0,21646,0,NM_000110.3:c.1024G>A
1-98058936-G-T,rs768834079,98058936,G,T,18990.26953,None,1,251326,0,HC,FALSE,NA,NA,0,18378,0,0,16254,0,0,34590,0,0,10080,0,0,30616,0,1,113676,0,0,21598,0,NM_000110.3:c.966C>A
1-98058944-C-T,rs1329732851,98058944,C,T,2862.149902,None,1,251316,0,HC,FALSE,NA,NA,0,18374,0,0,16256,0,0,34592,0,0,10080,0,0,30616,0,1,113662,0,0,21602,0,NM_000110.3:c.959-1G>A
1-98058945-T-C,rs577302209,98058945,T,C,2260.370117,None,1,251306,0,HC,FALSE,NA,NA,0,18370,0,0,16256,0,0,34592,0,0,10080,0,0,30616,0,1,113650,0,0,21608,0,NM_000110.3:c.959-2A>G
1-98060613-AC-A,rs774842076,98060613,AC,A,969.3599854,None,1,251184,0,HC,FALSE,NA,NA,0,18376,0,0,16248,0,0,34592,0,0,10070,0,0,30606,0,1,113534,0,0,21628,0,NM_000110.3:c.958+1del
1-98060614-C-G,rs760720131,98060614,C,G,1914.380005,None,1,251182,0,HC,FALSE,NA,NA,0,18374,0,0,16248,0,0,34592,0,0,10072,0,0,30606,0,1,113528,0,0,21634,0,NM_000110.3:c.958+1G>C
1-98060649-GT-G,rs1426881532,98060649,GT,G,401.3500061,None,1,251334,0,HC,FALSE,NA,NA,0,18384,0,0,16250,0,0,34592,0,0,10074,0,0,30610,0,1,113642,0,0,21648,0,NM_000110.3:c.923del
1-98060650-TC-T,rs759965732,98060650,TC,T,2627.139893,None,2,251328,0,HC,FALSE,NA,NA,0,18382,0,0,16250,0,0,34592,0,0,10074,0,2,30610,0,0,113640,0,0,21648,0,NM_000110.3:c.922del
1-98060689-TG-T,rs772507658,98060689,TG,T,1738.359985,None,1,251294,0,HC,FALSE,NA,NA,0,18384,0,0,16250,0,1,34584,0,0,10078,0,0,30610,0,0,113614,0,0,21646,0,NM_000110.3:c.883del
1-98060705-T-C,rs146356975,98060705,T,C,69337.34375,None,59,251224,0,,FALSE,Decreased,NA,0,18380,0,50,16236,0,9,34586,0,0,10076,0,0,30608,0,0,113566,0,0,21646,0,NM_000110.3:c.868A>G
1-98060724-T-G,rs1160749044,98060724,T,G,2269.399902,None,1,250866,0,HC,FALSE,NA,NA,0,18372,0,0,16090,0,0,34560,0,0,10068,0,0,30602,0,1,113428,0,0,21636,0,NM_000110.3:c.851-2A>C
1-98144730-G-T,rs754745863,98144730,G,T,9364.009766,None,1,217590,0,HC,FALSE,NA,NA,0,17020,0,0,13560,0,0,31922,0,0,9038,0,0,25980,0,1,94492,0,0,20118,0,NM_000110.3:c.771C>A
1-98157332-G-A,rs1801266,98157332,G,A,22268.57031,None,20,251292,0,,FALSE,No function,Uncertain_significance,1,18394,0,0,16238,0,0,34590,0,0,10076,0,8,30612,0,10,113630,0,1,21628,0,NM_000110.3:c.703C>T
1-98164926-C-A,rs146170505,98164926,C,A,10276.98047,None,8,250946,0,HC,FALSE,NA,Pathogenic/Likely_pathogenic,0,18380,0,0,16244,0,0,34568,0,0,10070,0,0,30606,0,8,113316,0,0,21642,0,NM_000110.3:c.661G>T
1-98164929-G-A,rs1220608789,98164929,G,A,379.3599854,None,1,250972,0,HC,FALSE,NA,NA,0,18382,0,0,16248,0,0,34574,0,0,10072,0,1,30606,0,0,113326,0,0,21642,0,NM_000110.3:c.658C>T
1-98164955-T-C,rs72549307,98164955,T,C,2849.370117,None,1,251200,0,,FALSE,No function,Uncertain_significance,0,18384,0,0,16250,0,0,34578,0,0,10078,0,0,30610,0,1,113528,0,0,21642,0,NM_000110.3:c.632A>G
1-98164965-G-A,rs1411354209,98164965,G,A,3532.389893,None,2,251186,0,HC,FALSE,NA,NA,0,18380,0,0,16250,0,0,34582,0,0,10074,0,1,30610,0,1,113526,0,0,21632,0,NM_000110.3:c.622C>T
1-98164986-T-G,rs72549308,98164986,T,G,13836.00977,None,7,251160,0,,FALSE,No function,NA,0,18388,0,1,16250,0,0,34570,0,0,10072,0,0,30600,0,6,113514,0,0,21636,0,NM_000110.3:c.601A>C
1-98165030-T-C,rs115232898,98165030,T,C,1256571.625,None,417,251028,5,,FALSE,Decreased,Likely_benign,1,18392,0,374,16250,5,27,34544,0,0,10050,0,1,30592,0,6,113484,0,0,21600,0,NM_000110.3:c.557A>G
1-98165042-A-AT,rs754785410,98165042,A,AT,21349.19922,None,1,250952,0,HC,FALSE,NA,NA,0,18382,0,0,16242,0,0,34530,0,0,10052,0,1,30578,0,0,113454,0,0,21598,0,NM_000110.3:c.544dup
1-98186472-AGG-A,rs1231288106,98186472,AGG,A,598.3699951,None,1,246558,0,LC,FALSE,NA,NA,0,17876,0,0,15262,0,0,34092,0,0,9964,0,1,30314,0,0,111582,0,0,21504,0,NM_000110.3:c.483+592_483+593del
1-98186483-C-T,rs749542456,98186483,C,T,169.4600067,None,1,245658,0,HC,FALSE,NA,NA,0,17830,0,0,15188,0,0,33976,0,0,9950,0,0,30112,0,1,111172,0,0,21482,0,NM_000110.3:c.483+583G>A
1-98187065-C-A,rs1057516763,98187065,C,A,1032.380005,None,1,250410,0,HC,FALSE,NA,Likely_pathogenic,1,18382,0,0,16218,0,0,34430,0,0,10030,0,0,30592,0,0,113076,0,0,21584,0,NM_000110.3:c.483+1G>T
1-98205946-A-G,rs1193078195,98205946,A,G,1425.369995,None,2,251100,0,HC,FALSE,NA,NA,1,18388,0,0,16250,0,1,34568,0,0,10076,0,0,30608,0,0,113562,0,0,21522,0,NM_000110.3:c.321+2T>C
1-98205947-C-T,rs746368304,98205947,C,T,7733.939941,None,3,251084,0,HC,FALSE,NA,NA,0,18392,0,0,16250,0,0,34566,0,0,10076,0,0,30606,0,3,113554,0,0,21514,0,NM_000110.3:c.321+1G>A
1-98205966-GATGA-G,rs539032572,98205966,GATGA,G,66448.4375,None,26,251156,0,HC,FALSE,No function,Pathogenic,0,18394,0,0,16252,0,2,34580,0,0,10078,0,0,30612,0,24,113580,0,0,21534,0,NM_000110.3:c.299_302del
1-98206036-C-T,rs1390835864,98206036,C,T,920.3599854,None,1,250744,0,HC,FALSE,NA,NA,1,18388,0,0,16224,0,0,34580,0,0,10074,0,0,30610,0,0,113540,0,0,21204,0,NM_000110.3:c.234-1G>A
1-98293671-T-A,rs776692894,98293671,T,A,1691.140015,None,1,251026,0,HC,FALSE,NA,Likely_pathogenic,0,18380,0,0,16252,0,0,34532,0,0,10068,0,0,30608,0,1,113480,0,0,21576,0,NM_000110.3:c.232A>T
1-98293683-G-A,rs189768576,98293683,G,A,40802.26172,None,33,250968,0,HC,FALSE,NA,Likely_pathogenic,30,18382,0,0,16248,0,2,34540,0,0,10068,0,1,30610,0,0,113426,0,0,21568,0,NM_000110.3:c.220C>T
1-98293695-G-A,rs141597515,98293695,G,A,11081.40039,None,4,250926,0,HC,FALSE,NA,Pathogenic/Likely_pathogenic,0,18378,0,1,16238,0,0,34536,0,0,10068,0,1,30606,0,2,113420,0,0,21554,0,NM_000110.3:c.208C>T
1-98348819-C-G,rs375356630,98348819,C,G,1422.369995,None,1,250136,0,HC,FALSE,NA,NA,0,18230,0,0,16226,0,0,34476,0,0,10046,0,0,30598,0,1,112894,0,0,21588,0,NM_000110.3:c.150+1G>C
1-98348835-AGGATTTCT-A,rs1018737104,98348835,AGGATTTCT,A,2537.179932,None,1,250436,0,HC,FALSE,NA,Pathogenic/Likely_pathogenic,0,18290,0,0,16240,0,0,34504,0,0,10054,0,0,30604,0,1,113044,0,0,21608,0,NM_000110.3:c.127_134del
1-98348909-G-A,rs72549310,98348909,G,A,3701.189941,None,3,250890,0,HC,FALSE,No function,Likely_pathogenic,0,18320,0,1,16238,0,0,34512,0,0,10068,0,0,30606,0,1,113422,0,1,21620,0,NM_000110.3:c.61C>T
1-98348929-C-CAGCATAA,rs1248426717,98348929,C,CAGCATAA,1204.380005,None,1,250866,0,HC,FALSE,NA,NA,0,18306,0,0,16242,0,1,34496,0,0,10070,0,0,30608,0,0,113430,0,0,21614,0,NM_000110.3:c.40_41insTTATGCT
1-98386476-C-T,rs768020954,98386476,C,T,2353.360107,None,2,207118,0,,FALSE,NA,Likely_pathogenic,0,14846,0,0,12056,0,1,31260,0,0,9234,0,0,25724,0,1,90660,0,0,18122,0,NM_000110.3:c.3G>A
